{
    "density": 0.284,
    "stretching": [
        [31.146198, -12.802702, 44.028667, 31.896357],
        [78.707756, 26.754574, 268.680725, 27.743423],
        [67.368431, 77.767944, 182.273407, -14.661531],
        [113.367035, 54.802021, 175.126572, 44.657330],
        [144.294830, 111.404854, 138.422150, -29.861851],
        [143.933365, 49.654823, 191.777588, 39.491055]
    ],
    "bending": [
        [3.6348e-05, 4.9586e-05, 4.5744e-05, 4.7413e-05, 2.0727e-05],
        [3.3013e-05, 2.9744e-05, 3.5104e-05, 3.4041e-05, 1.4440e-05],
        [3.7158e-05, 3.4107e-05, 3.3229e-05, 3.4686e-05, 1.0440e-05]
    ]
}
